tconst,startYear,runtimeMinutes,primaryTitle
tt85372822,1966,60,The Night of the ReadyMade Corpse
tt10673007,1966,60,The Night of the ReadyMade Corpse
tt40726217,1966,60,The Night of the ReadyMade Corpse
tt27867906,1966,60,The Night of the ReadyMade Corpse
tt66442042,1966,60,The Night of the Returning Dead
tt33647686,1966,60,The Night of the Returning Dead
tt95074804,1966,60,The Night of the Returning Dead
tt42441146,1966,60,The Night of the Skulls
tt69132993,1966,60,The Night of the Skulls
tt16161390,1966,60,The Night of the Skulls
tt24953576,1966,60,The Night of the Skulls
tt36334006,1966,60,The Night of the Sudden Plague
tt57926682,1966,60,The Night of the Sudden Plague
tt22429967,1966,60,The Night of the Sudden Plague
tt82447536,1966,60,The Night of the Terror
tt62724753,1966,60,The Night of the Terror
tt48072164,1966,60,The Night of the Terror
tt93611663,1966,60,The Night of the TwoLegged Buffalo
tt21229891,1966,60,The Night of the TwoLegged Buffalo
tt30198529,1966,60,The Night of the TwoLegged Buffalo
tt81843351,1966,60,The Night of the TwoLegged Buffalo
tt22257366,1966,60,The Night of the Watery Death
tt60078439,1966,60,The Night of the Watery Death
tt75520589,1966,60,The Night of the Watery Death
tt51672553,1966,60,The Night of the Watery Death
tt87781058,1966,60,The Night of the Whirring Death
tt12967455,1966,60,The Night of the Whirring Death
tt46328604,1966,60,The Night of the Whirring Death
tt20413785,1966,60,The Night of the Whirring Death
tt35794926,1966,60,The Night of the Whirring Death
tt39871146,1966,60,The Night the Dragon Screamed
tt47400044,1966,60,The Night the Dragon Screamed
tt86465081,1966,60,The Night the Dragon Screamed
tt37459132,1966,60,The Night the Dragon Screamed
tt58823336,1966,60,The Nowhere Affair
tt67721007,1966,60,The Nowhere Affair
tt71790443,1966,60,The Nowhere Affair
tt85416814,1966,60,The Oath
tt40316419,1966,60,The Oath
tt82487844,1966,60,The Oath
tt55179380,1966,60,The Oath
tt86140693,1966,60,The Other Image
tt84445139,1966,60,The Other Image
tt46456464,1966,60,The Other Image
tt79086852,1966,60,The Outsider
tt25337916,1966,60,The Outsider
tt28131670,1966,60,The Outsider
tt24434707,1966,60,The Outsider
tt68608410,1966,60,The Paradise Lost Affair
tt70022065,1966,60,The Paradise Lost Affair
tt18836698,1966,60,The Paradise Lost Affair
tt68260228,1966,60,The Paradise Lost Affair
tt43257024,1966,60,The Pariah
tt60983426,1966,60,The Pariah
tt80947622,1966,60,The Pariah
tt73519429,1966,60,The Pariah
tt88529481,1966,60,The Plague Merchant
tt14121482,1966,60,The Plague Merchant
tt32910180,1966,60,The Plague Merchant
tt82464029,1966,60,The Plunderers
tt52940685,1966,60,The Plunderers
tt28897414,1966,60,The Plunderers
tt44365291,1966,60,The Pop Art Affair
tt96418281,1966,60,The Pop Art Affair
tt94011499,1966,60,The Pop Art Affair
tt18142145,1966,60,The Pop Art Affair
tt19590127,1966,60,The Price of Death
tt48251881,1966,60,The Price of Death
tt21934795,1966,60,The Pride of the Bottom of the Barrel
tt62386632,1966,60,The Pride of the Bottom of the Barrel
tt42416773,1966,60,The Pride of the Bottom of the Barrel
tt39797702,1966,60,The Prisoner
tt18230398,1966,60,The Prisoner
tt85963437,1966,60,The Prisoner
tt77087802,1966,60,The Prisoner
tt76920964,1966,60,The Prisoner of Zalamar Affair
tt67029888,1966,60,The Prisoner of Zalamar Affair
tt59372084,1966,60,The Prisoner of Zalamar Affair
tt12631329,1966,60,The Prisoner of Zalamar Affair
tt20391477,1966,60,The Project Deephole Affair
tt15161649,1966,60,The Project Deephole Affair
tt70943377,1966,60,The Pursued Part 1
tt85652377,1966,60,The Pursued Part 1
tt52572199,1966,60,The Pursued Part 1
tt46925233,1966,60,The Pursued Part 2
tt95986618,1966,60,The Pursued Part 2
tt95762836,1966,60,The Pursued Part 2
tt66011055,1966,60,The Raid Part 1
tt72444099,1966,60,The Raid Part 1
tt79139942,1966,60,The Raid Part 1
tt99771780,1966,60,The Raid Part 1
tt34680727,1966,60,The Raid Part 1
tt46458609,1966,60,The Raid Part 2
tt16910526,1966,60,The Raid Part 2
tt62083201,1966,60,The Raid Part 2
tt69344343,1966,60,The Raid Part 2
tt72627662,1966,60,The Raid Part 2
tt13662424,1966,60,The Ransom
tt71866446,1966,60,The Ransom
tt64338130,1966,60,The Ransom
tt75378198,1966,60,The Ransom
tt46435911,1966,60,The Rediscovery of Charlotte Hyde
tt50358088,1966,60,The Rediscovery of Charlotte Hyde
tt51569566,1966,60,The Rediscovery of Charlotte Hyde
tt19534614,1966,60,The Reluctant Revolution
tt87245083,1966,60,The Reluctant Revolution
tt81081314,1966,60,The Reluctant Revolution
tt46487985,1966,60,The Ringer
tt25789253,1966,60,The Ringer
tt80974685,1966,60,The Ringer
tt72624265,1966,60,The Ringer
tt70749305,1966,60,The River Monarch
tt68436843,1966,60,The River Monarch
tt82061278,1966,60,The River Monarch
tt48230480,1966,60,The River Monarch
tt76901929,1966,60,The River Monarch
tt24917080,1966,60,The Romany Lie Affair
tt19098568,1966,60,The Romany Lie Affair
tt27820305,1966,60,The Romany Lie Affair
tt19531867,1966,60,The Round Table Affair
tt55093059,1966,60,The Round Table Affair
tt59568295,1966,60,The Round Table Affair
tt37113247,1966,60,The Sacrifice
tt23315602,1966,60,The Sacrifice
tt89984873,1966,60,The Sacrifice
tt27060743,1966,60,The Sadness of a Happy Time
tt41655030,1966,60,The Sadness of a Happy Time
tt92468637,1966,60,The Savage Machines
tt38384235,1966,60,The Savage Machines
tt40266274,1966,60,The Savage Machines
tt84080794,1966,60,The Scourge
tt63532686,1966,60,The Scourge
tt35127039,1966,60,The Scourge
tt87825370,1966,60,The Search
tt97949978,1966,60,The Search
tt91499458,1966,60,The Search
tt83202163,1966,60,The Sex Object
tt82486454,1966,60,The Sex Object
tt26090501,1966,60,The Short Tail Spy
tt11312114,1966,60,The Short Tail Spy
tt11055351,1966,60,The Short Tail Spy
tt18771722,1966,60,The Silent Gift
tt75117873,1966,60,The Silent Gift
tt52557465,1966,60,The Silent Gift
tt72142387,1966,60,The Silent Gift
tt45767394,1966,60,The Slaughter Pen
tt35640125,1966,60,The Slaughter Pen
tt53735677,1966,60,The Slaughter Pen
tt31369082,1966,60,The Slaughter Pen
tt96630760,1966,60,The Slaughter Pen
tt53245647,1966,60,The Sort of DoItYourself Dreadful Affair
tt28936048,1966,60,The Sort of DoItYourself Dreadful Affair
tt49124407,1966,60,The Sort of DoItYourself Dreadful Affair
tt65029120,1966,60,The SpyMaster
tt41457267,1966,60,The SpyMaster
tt48186557,1966,60,The SpyMaster
tt27860666,1966,60,The SuperColossal Affair
tt19773213,1966,60,The SuperColossal Affair
tt14605747,1966,60,The SuperColossal Affair
tt83595929,1966,60,The Survivor
tt80940282,1966,60,The Survivor
tt24202199,1966,60,The Survivor
tt28415866,1966,60,The Survivor
tt81256499,1966,60,The Symbol
tt55970665,1966,60,The Symbol
tt11803892,1966,60,The Symbol
tt36905716,1966,60,The Take Me to Your Leader Affair
tt51648651,1966,60,The Take Me to Your Leader Affair
tt91356328,1966,60,The Take Me to Your Leader Affair
tt35646319,1966,60,The Theory of the Innocent Bystander
tt99503438,1966,60,The Theory of the Innocent Bystander
tt12211589,1966,60,The Theory of the Innocent Bystander
tt90950736,1966,60,The Thor Affair
tt84845134,1966,60,The Thor Affair
tt12485298,1966,60,The Thor Affair
tt45933604,1966,60,The Thor Affair
tt70033305,1966,60,The Three Faces of Death
tt32748322,1966,60,The Tiger
tt31869581,1966,60,The Tiger
tt73493822,1966,60,The Tiger
tt22178706,1966,60,The Tormentors
tt66983454,1966,60,The Tormentors
tt88186434,1966,60,The Tormentors
tt51400997,1966,60,The Trap
tt21645790,1966,60,The Trap
tt44256565,1966,60,The Trap
tt39454647,1966,60,The Treasure Seekers
tt82344939,1966,60,The Treasure Seekers
tt90594549,1966,60,The Trouble with Jamie
tt81043569,1966,60,The Trouble with Jamie
tt86156874,1966,60,The Trouble with Jamie
tt46397403,1966,60,The Ultimate Duel
tt15849640,1966,60,The Unwritten Commandment
tt89856423,1966,60,The Unwritten Commandment
tt43825068,1966,60,The Unwritten Commandment
tt33224929,1966,60,The Unwritten Commandment
tt81176985,1966,60,The Unwritten Commandment
tt24809805,1966,60,The Velvet Trap
tt30702294,1966,60,The Velvet Trap
tt58106956,1966,60,The Velvet Trap
tt98693204,1966,60,The Velvet Trap
tt31346852,1966,60,The Waverly Ring Affair
tt15995816,1966,60,The Waverly Ring Affair
tt30652994,1966,60,The Waverly Ring Affair
tt57549071,1966,60,The Waverly Ring Affair
tt73829820,1966,60,The Whispering Tree
tt82500751,1966,60,The Whispering Tree
tt94618676,1966,60,The Whispering Tree
tt88418606,1966,60,The Whispering Tree
tt74802665,1966,60,The Whispering Tree
tt24967939,1966,60,The Wild Geese
tt50316811,1966,60,The Wild Geese
tt66702188,1966,60,The Wild Geese
tt38494564,1966,60,The World of JacquesYves Cousteau
tt61207792,1966,60,The Wrong Man
tt53742427,1966,60,The Wrong Man
tt35266994,1966,60,The Wrong Man
tt66942722,1966,60,The Wrong Man
tt98093256,1966,60,The Wrong Man
tt77134294,1966,60,There Was a Little Girl
tt99659533,1966,60,There Was a Little Girl
tt67469260,1966,60,There Was a Little Girl
tt42155555,1966,60,Three Brides for Hoss
tt72771048,1966,60,Three Brides for Hoss
tt76520580,1966,60,Three Brides for Hoss
tt42094702,1966,60,Three Brides for Hoss
tt23364137,1966,60,Through Ticket to Gunsight
tt12509825,1966,60,Through Ticket to Gunsight
tt49553194,1966,60,Through Ticket to Gunsight
tt40884648,1966,60,Time and a Half on Christmas Eve
tt41239694,1966,60,Time and a Half on Christmas Eve
tt96387134,1966,60,To Bloom for Thee
tt18052862,1966,60,To Bloom for Thee
tt44427832,1966,60,To Bloom for Thee
tt54717599,1966,60,To Florence with Love Part 1
tt92853666,1966,60,To Florence with Love Part 1
tt18097731,1966,60,To Florence with Love Part 1
tt38500478,1966,60,To Florence with Love Part 2
tt48037201,1966,60,To Florence with Love Part 2
tt63003618,1966,60,To Florence with Love Part 2
tt20477479,1966,60,To Kill a Buffalo
tt14167785,1966,60,To Kill a Buffalo
tt36548519,1966,60,To Kill a Buffalo
tt29162873,1966,60,To Kill a Buffalo
tt91983296,1966,60,To Seek and Destroy
tt77120013,1966,60,To Seek and Destroy
tt17610459,1966,60,To Seek and Destroy
tt14405717,1966,60,To Seek and Destroy
tt20643523,1966,60,Tommy
tt34610296,1966,60,Tommy
tt81790752,1966,60,Tommy
tt50581331,1966,60,Tommy
tt42979296,1966,60,Town Full of Fear
tt33610898,1966,60,Town Full of Fear
tt37447408,1966,60,Town Full of Fear
tt51464044,1966,60,Town Full of Fear
tt53796972,1966,60,Trail of the Cheetah
tt87488911,1966,60,Trail of the Cheetah
tt74389802,1966,60,Treasure of John Walking Fox
tt36030514,1966,60,Treasure of John Walking Fox
tt13282568,1966,60,Treasure of John Walking Fox
tt81352137,1966,60,Treasure of John Walking Fox
tt69163764,1966,60,Trial by Treehouse
tt43000846,1966,60,Trial by Treehouse
tt82538088,1966,60,Trial by Treehouse
tt77651587,1966,60,Tunnel of Gold
tt79414834,1966,60,Tunnel of Gold
tt68973100,1966,60,Tunnel of Gold
tt30615682,1966,60,Tunnel of Gold
tt54733964,1966,60,Turkish Delight
tt28497740,1966,60,Turkish Delight
tt11055605,1966,60,Turkish Delight
tt23645571,1966,60,Turkish Delight
tt19289011,1966,60,Twenty Fifth Mission
tt32707782,1966,60,Twenty Fifth Mission
tt15333976,1966,60,Twenty Fifth Mission
tt40324484,1966,60,Twenty Fifth Mission
tt10740302,1966,60,Ulysses and the Republic
tt18162968,1966,60,Ulysses and the Republic
tt91143586,1966,60,Ulysses and the Republic
tt31728116,1966,60,Under a Dark Star
tt60884630,1966,60,Under a Dark Star
tt96800942,1966,60,Under a Dark Star
tt59910726,1966,60,Under a Dark Star
tt47488610,1966,60,Underground
tt16872538,1966,60,Underground
tt48955534,1966,60,Underground
tt81160879,1966,60,Underground
tt98458868,1966,60,Underground
tt39719405,1966,60,Upbeat and Underground
tt35464399,1966,60,Upbeat and Underground
tt26046492,1966,60,Upbeat and Underground
tt31114292,1966,60,Vendetta
tt42384140,1966,60,Vendetta
tt63277180,1966,60,Vendetta
tt65901959,1966,60,Vendetta
tt26179954,1966,60,Vendetta
tt53441979,1966,60,Vendetta
tt19429101,1966,60,Village of Fire
tt27998024,1966,60,Village of Fire
tt57884554,1966,60,Voyage of the Brigantine Yankee
tt50384141,1966,60,Wall of Silence
tt26872090,1966,60,Wall of Silence
tt18488680,1966,60,Wall of Silence
tt15466319,1966,60,Wall of Silence
tt96946130,1966,60,War Arrow
tt31515323,1966,60,War Arrow
tt29148198,1966,60,War Arrow
tt71003690,1966,60,War Cloud
tt61980311,1966,60,War Cloud
tt71347006,1966,60,War Cloud
tt20742911,1966,60,Wheels
tt31124069,1966,60,Wheels
tt25429233,1966,60,Wheels
tt89861747,1966,60,Wheels
tt60066996,1966,60,When a King Is a Pawn
tt67339310,1966,60,When a King Is a Pawn
tt68611064,1966,60,When a King Is a Pawn
tt49234152,1966,60,Which Dr
tt41289475,1966,60,Which Dr
tt63478113,1966,60,Which Dr
tt64998473,1966,60,Which Dr
tt38128336,1966,60,Which Dr
tt99973821,1966,60,Which Way the Wind Blows
tt99062464,1966,60,Which Way the Wind Blows
tt50120527,1966,60,Which Way the Wind Blows
tt53311111,1966,60,Whos Watching the Fleshpot
tt94747218,1966,60,Wild Dog of the Tetons
tt22676154,1966,60,Wild Dog of the Tetons
tt17423593,1966,60,Wild Dog of the Tetons
tt91364944,1966,60,Will the Real Good Guys Please Stand Up
tt79153529,1966,60,Will the Real Good Guys Please Stand Up
tt56412854,1966,60,Will the Real Good Guys Please Stand Up
tt24906253,1966,60,Will the Real Good Guys Please Stand Up
tt12482451,1966,60,Wishbone
tt73614681,1966,60,Wishbone
tt95636001,1966,60,Wishbone
tt85741663,1966,60,Wishbone
tt29739553,1966,60,Wishbone
tt80763555,1966,60,Zubrovniks Ghost
tt54567079,1966,60,Zubrovniks Ghost
tt88714277,1966,60,Zubrovniks Ghost
tt16869380,1966,60,Zubrovniks Ghost
tt45236587,1966,61,Die Raumfalle
tt95991981,1966,61,Die Raumfalle
tt73470767,1966,61,Die Raumfalle
tt16553706,1966,61,Die Raumfalle
tt80356314,1966,61,Die Raumfalle
tt46628658,1966,61,Hüter des Gesetzes
tt66065406,1966,61,Hüter des Gesetzes
tt49590505,1966,61,Hüter des Gesetzes
tt22585010,1966,61,Hüter des Gesetzes
tt73843335,1966,61,Hüter des Gesetzes
tt87251239,1966,62,El pacto
tt29354228,1966,63,The Cage
tt74305210,1966,7,Lonesome Ranger
tt85176279,1966,7,Rough Riding Hood
tt57889857,1966,72,Das verräterische Licht
tt16221951,1966,72,Das verräterische Licht
tt75669542,1966,73,Die ägyptische Katze
tt73602787,1966,73,Jacob Was a Plain Man
tt39996510,1966,73,Jacob Was a Plain Man
tt75691337,1966,73,Jacob Was a Plain Man
tt32515855,1966,73,Jacob Was a Plain Man
tt61027926,1966,73,Ride to Delphi
tt47915418,1966,73,Ride to Delphi
tt17656125,1966,73,Ride to Delphi
tt83253913,1966,73,Ride to Delphi
tt62176573,1966,73,That Saunders Woman
tt37535175,1966,73,That Saunders Woman
tt29415982,1966,73,That Saunders Woman
tt83764958,1966,73,That Saunders Woman
tt93035432,1966,73,That Saunders Woman
tt18054641,1966,73,The Inchworms Got No Wings at All
tt57422471,1966,73,The Inchworms Got No Wings at All
tt49142061,1966,73,The Inchworms Got No Wings at All
tt23563620,1966,73,The Inchworms Got No Wings at All
tt80364758,1966,75,A BaldFaced Boy
tt82843385,1966,75,A BaldFaced Boy
tt22483899,1966,75,A BaldFaced Boy
tt22093779,1966,75,A BaldFaced Boy
tt26432435,1966,75,An Echo of Thunder
tt43645941,1966,75,An Echo of Thunder
tt40838363,1966,75,An Echo of Thunder
tt88547188,1966,75,An Echo of Thunder
tt24290514,1966,75,Ape and Essence
tt53423119,1966,75,Ape and Essence
tt78312005,1966,75,Ape and Essence
tt64093414,1966,75,Beloved Outlaw
tt89861784,1966,75,Beloved Outlaw
tt75537983,1966,75,Beloved Outlaw
tt79687366,1966,75,Beloved Outlaw
tt82205884,1966,75,Cathy Come Home
tt32698796,1966,75,Cathy Come Home
tt66026810,1966,75,Chaff in the Wind
tt32574177,1966,75,Chaff in the Wind
tt66640874,1966,75,Chaff in the Wind
tt14851706,1966,75,Das Etikett
tt55341610,1966,112,An Enemy of the People
tt72457503,1966,75,DeadEye Dick
tt60243705,1966,75,DeadEye Dick
tt28794816,1966,75,DeadEye Dick
tt10615599,1966,75,DeadEye Dick
tt93948532,1966,75,Girl on the Glass Mountain
tt64218576,1966,75,Girl on the Glass Mountain
tt79869574,1966,75,Girl on the Glass Mountain
tt87135786,1966,75,Girl on the Glass Mountain
tt37964044,1966,75,Harvest of Strangers
tt73733589,1966,75,Harvest of Strangers
tt17997934,1966,75,Harvest of Strangers
tt36266565,1966,75,Harvest of Strangers
tt50398861,1966,75,John Ford entre chien et loup
tt69703286,1966,75,Legacy of Hate
tt87991831,1966,75,Legacy of Hate
tt30730030,1966,75,Legacy of Hate
tt44924097,1966,75,Legacy of Hate
tt33950807,1966,75,Linda
tt83203038,1966,75,Linda
tt81373297,1966,75,Linda
tt54003550,1966,75,Linda
tt47090682,1966,75,Linda
tt21181632,1966,75,Long Ride to Wind River
tt55617221,1966,75,Long Ride to Wind River
tt85358249,1966,75,Long Ride to Wind River
tt30365124,1966,75,Long Ride to Wind River
tt41211414,1966,75,Men with Guns
tt13932814,1966,75,Men with Guns
tt98101686,1966,75,Men with Guns
tt88945102,1966,75,Morgan Starr
tt42737880,1966,75,Morgan Starr
tt61974034,1966,75,Morgan Starr
tt29549339,1966,75,Morgan Starr
tt78089938,1966,75,Morgan Starr
tt11415756,1966,75,No Drums No Trumpets
tt95756843,1966,75,No Drums No Trumpets
tt59182493,1966,75,No Drums No Trumpets
tt77097513,1966,75,Nobody Said Hello
tt80704459,1966,75,Nobody Said Hello
tt85829549,1966,75,Nobody Said Hello
tt78698677,1966,75,Nobody Said Hello
tt10688917,1966,75,One Spring Like Long Ago
tt39967829,1966,75,One Spring Like Long Ago
tt58869241,1966,75,One Spring Like Long Ago
tt21287689,1966,75,One Spring Like Long Ago
tt99793266,1966,75,Ride a CockHorse to Laramie Cross
tt89984058,1966,75,Ride a CockHorse to Laramie Cross
tt13216569,1966,75,Ride a CockHorse to Laramie Cross
tt18034902,1966,75,Ride a CockHorse to Laramie Cross
tt88040809,1966,75,The Captive
tt55143528,1966,75,The Captive
tt60669668,1966,75,The Captive
tt21894599,1966,75,The Captive
tt18096982,1966,75,The Challenge
tt12701904,1966,75,The Challenge
tt62169489,1966,75,The Challenge
tt49000006,1966,75,The Challenge
tt67385044,1966,75,The Connoisseur
tt18465893,1966,75,The Connoisseur
tt66047673,1966,75,The Long Way Home
tt33232438,1966,75,The Long Way Home
tt32296440,1966,75,The Long Way Home
tt69520113,1966,75,The Long Way Home
tt60299367,1966,75,The Mark of a Man
tt61553597,1966,75,The Mark of a Man
tt88344490,1966,75,The Mark of a Man
tt11792504,1966,75,The Mark of a Man
tt41712187,1966,75,The Mark of a Man
tt93022275,1966,75,The Mayfly and the Frog
tt73822898,1966,75,The Outcast
tt10438935,1966,75,The Outcast
tt70531205,1966,75,The Outcast
tt42060329,1966,75,The Return of Golden Tom
tt15737501,1966,75,The Return of Golden Tom
tt24768655,1966,75,The Return of Golden Tom
tt39398381,1966,75,The Return of Golden Tom
tt73785728,1966,75,The Wolves Up Front the Jackals Behind
tt77919805,1966,75,The Wolves Up Front the Jackals Behind
tt78518228,1966,75,The Wolves Up Front the Jackals Behind
tt98959776,1966,75,The Wolves Up Front the Jackals Behind
tt95503097,1966,75,Trail to Ashley Mountain
tt99455144,1966,75,Trail to Ashley Mountain
tt70581834,1966,75,Trail to Ashley Mountain
tt88762303,1966,75,Trail to Ashley Mountain
tt84259217,1966,75,Trail to Ashley Mountain
tt15811487,1966,75,Where the Buffalo Roam
tt44957699,1966,75,Where the Buffalo Roam
tt21664571,1966,75,Where the Buffalo Roam
tt56888691,1966,75,Whos a Good Boy Then
tt83738270,1966,77,High Stakes
tt73801124,1966,77,High Stakes
tt24984794,1966,77,High Stakes
tt62527224,1966,77,High Stakes
tt14188005,1966,77,High Stakes
tt41176134,1966,78,Histoire pas naturelle
tt17308246,1966,78,Histoire pas naturelle
tt27520089,1966,105,La rose de fer
tt32225005,1966,78,Histoire pas naturelle
tt95106019,1966,8,Go West Young Ant
tt43577825,1966,8,Go West Young Ant
tt36277631,1966,8,Go West Young Ant
tt97380963,1966,8,Knight Fight
tt47920308,1966,8,Knight Fight
tt14457495,1966,8,Knight Fight
tt37137907,1966,8,Mouse Rouser
tt73346969,1966,8,Mouse Rouser
tt23326721,1966,8,Mouse Rouser
tt89401836,1966,8,Nine Strikes Youre Out
tt63945682,1966,8,Nine Strikes Youre Out
tt67798889,1966,8,Nine Strikes Youre Out
tt28201729,1966,8,Pteraducktyl Soup
tt99768302,1966,8,Pteraducktyl Soup
tt13580872,1966,8,Pteraducktyl Soup
tt29529228,1966,8,Termighty Mean
tt15923163,1966,8,Termighty Mean
tt37219485,1966,8,Termighty Mean
tt50316126,1966,8,Up in the Air Squares
tt14339928,1966,8,Up in the Air Squares
tt70219935,1966,8,Up in the Air Squares
tt97533484,1966,8,Wild Wild Ants
tt28523277,1966,25,An Organ for Brother Brigham
tt96679708,1966,25,Batman Is Riled
tt29412803,1966,25,The Joker Is Wild
tt70356626,1966,30,The Killer Instinct
tt21683643,1966,50,A Taste of Tomorrow
tt46374364,1966,50,Danl Boone Shot a Bar
tt15960509,1966,52,The Case of the Crafty Kidnapper
tt70312981,1966,60,A Day of Terror
tt48221348,1966,60,A Time to Kill
tt21086347,1966,60,By Force and Violence
tt95574067,1966,60,Caesars Wife
tt53097374,1966,60,Day of the Comet
tt33105718,1966,60,Day of the Comet
tt68953058,1966,60,First in War First in Peace
tt72088190,1966,60,Goliath
tt21605363,1966,60,Hide the Children
tt21875946,1966,60,In Search of April
tt18320787,1966,60,Last Stage to Salt Flats
tt24778217,1966,60,Last Train to the Fair
tt41051141,1966,60,Legend of a General Part 1
tt33924787,1966,60,Legend of a General Part II
tt67126909,1966,60,Oh Careless Love
tt77884594,1966,60,Pursuit
tt45177787,1966,60,River Passage
tt21996369,1966,60,Run a Crooked Mile
tt71620428,1966,60,Some Devil Whispered in His Ear
tt52187441,1966,60,Target
tt40166954,1966,60,Teacher of Outlaws
tt52686965,1966,60,The Death Merchant
tt73714142,1966,60,The Fallen Hawk
tt67230999,1966,60,The Great Safe Robbery
tt42735799,1966,60,The High Cumberland Part 1
tt19223359,1966,60,The High Cumberland Part 2
tt73821027,1966,60,The House Where He Lived
tt47680669,1966,60,The Iron Box
tt95481757,1966,60,The Losers Race
tt96266825,1966,60,The Lost Colony
tt81129127,1966,60,The Lost Treasure
tt67803537,1966,60,The Man from Nowhere
tt64144617,1966,60,The Martyr
tt56998345,1966,60,The Matchmaker
tt92544914,1966,60,The Montori Device Affair
tt32306343,1966,60,The Sort of DoItYourself Dreadful Affair
tt45865307,1966,60,The Trap
tt81820820,1966,60,The Velvet Trap
tt27734908,1966,60,To Florence with Love Part 1
tt40742065,1966,60,To Florence with Love Part 2
tt93692478,1966,60,Tunnel of Gold
tt56780060,1966,60,Under a Dark Star
tt33406384,1966,75,Harvest of Strangers
tt90604489,1966,8,Wild Wild Ants
tt90081659,1966,8,Wild Wild Ants
tt87238010,1966,25,I Didnt Raise My Pig to Be a Soldier
tt44888435,1966,25,The Deputy
tt63035907,1966,26,A Home Isnt Built in a Day
tt64517685,1966,26,Eb Discovers the Birds and the Bees
tt64873909,1966,26,How to See South America by Bus
tt24000696,1966,26,Never Trust a Little Old Lady
tt84566186,1966,26,One of Our Assemblymen Is Missing
tt80538218,1966,26,The Good Old Days
tt90472910,1966,26,The Hooterville Image
tt83404979,1966,26,The Ugly Duckling
tt61606951,1966,26,You Ought to Be in Pictures
tt45777782,1966,30,A Pig in a Poke
tt72465663,1966,30,Agent Bud
tt59974812,1966,30,Agent Bud
tt32015619,1966,30,Air Power
tt98152531,1966,30,Air Power
tt77905038,1966,30,Alligator Duel
tt97618770,1966,30,An Errand for Flipper
tt31861399,1966,30,An Errand for Flipper
tt35684597,1966,30,Culture
tt32523638,1966,30,Cupid Flipper
tt57368042,1966,30,Cupid Flipper
tt96223559,1966,30,Deep Waters
tt47054479,1966,30,Deep Waters
tt45942148,1966,30,Disaster in the Everglades Part 1
tt40136250,1966,30,Disaster in the Everglades Part 1
tt33384078,1966,30,Disaster in the Everglades Part 2
tt23500719,1966,30,Disaster in the Everglades Part 2
tt68073555,1966,30,Dolphin Love Part 1
tt20645101,1966,30,Dolphin Love Part 1
tt35346087,1966,30,Dolphin Love Part 2
tt83076324,1966,30,Dolphin Love Part 2
tt67807781,1966,30,Double Drick
tt83765688,1966,30,Executive Bud
tt79503789,1966,30,Executive Bud
tt61766418,1966,30,Explosion
tt46234630,1966,30,Explosion
tt67658221,1966,30,Flipper Joins the Navy Part 1
tt51892152,1966,30,Flipper Joins the Navy Part 2
tt45785857,1966,30,Flipper and the Puppy
tt90089902,1966,30,Flipper and the Puppy
tt16608357,1966,30,Flipper and the Shark Cage
tt14567682,1966,30,Flipper and the Shark Cage
tt97240546,1966,30,Flippers Island
tt60026902,1966,30,Flippers Odyssey Part 1
tt98470729,1966,30,Flippers Odyssey Part 1
tt62364782,1966,30,Flippers Odyssey Part 2
tt43750438,1966,30,Flippers Odyssey Part 2
tt75619322,1966,30,Flippers Odyssey Part 3
tt30532976,1966,30,Flippers Odyssey Part 3
tt61667047,1966,30,Flippers Underwater Museum
tt88260938,1966,30,Gift Dolphin
tt71508958,1966,30,Gift Dolphin
tt72442248,1966,30,Give Me Land Lots of Land
tt22613893,1966,30,Horse What Horse
tt62153580,1966,30,I Didnt Raise My Husband to Be a Fireman
tt97920064,1966,30,Like Voodoo
tt23464900,1966,30,Lisa Bakes a Cake
tt97804251,1966,30,Lost Dolphin
tt72846538,1966,30,Lost Dolphin
tt47221968,1966,30,Never Look a Gift Tractor in the Mouth
tt90589800,1966,30,Send a Boy to College
tt90038905,1966,30,Slingshot
tt35591864,1966,30,Slingshot
tt96286794,1966,30,Sprained Ankle Country Style
tt33763875,1966,30,The Ballad of Molly Turgiss
tt27287737,1966,30,The Day of Decision
tt63376137,1966,30,The Lobster Trap
tt30277780,1966,30,The Price of Apples
tt82836263,1966,30,The Raccoon Who Came to Dinner
tt89657102,1966,30,The Raccoon Who Came to Dinner
tt25138341,1966,30,The Rains Came
tt54212476,1966,30,The Warning
tt20202217,1966,30,Uncle Ollie
tt30387564,1966,30,Water Water Everywhere
tt91857662,1966,30,Whale Ahoy
tt10744413,1966,30,Whale Ahoy
tt36392668,1966,30,Whats in a Name
tt22515456,1966,30,Wings Over Hooterville
tt15507993,1966,50,A Visit to Hades
tt66177867,1966,50,Curse of Cousin Smith
tt35919194,1966,50,Forbidden World
tt71181693,1966,50,The Android Machine
tt36340245,1966,60,The Abominable Snowman Affair
tt75975605,1966,60,The Elephant Thieves
tt26722234,1966,60,The Elephant Thieves
tt61738259,1966,80,Der alte Freibeuter
tt83893347,1966,80,Der alte Freibeuter
tt70081292,1966,86,Der fünfte Mann
tt27686052,1966,87,Tödlicher Unfall
tt68734174,1966,145,Les Cathares  La croisade
tt49560521,1966,88,Der Schiffskoch
tt19815383,1966,88,Der Schiffskoch
tt36283935,1966,89,Nichts dazugelernt
tt61035479,1966,89,Nichts dazugelernt
tt36897302,1966,90,Le celluloïd et le marbre
tt66794230,1966,90,Le celluloïd et le marbre
tt21866079,1966,90,Lee Oswald Assassin
tt45442064,1966,90,Lee Oswald Assassin
tt97774487,1966,90,The Devils Eggshell
tt88289313,1966,90,The Devils Eggshell
tt15254979,1966,105,La rose de fer
tt55385078,1966,92,Das Blockhaus
tt84055283,1966,92,Das Blockhaus
tt21033556,1966,93,La vecchia signora di Bayeux
tt23153464,1966,105,Linnamorato della signora Maigret
tt62878169,1966,93,La vecchia signora di Bayeux
tt45782588,1966,105,Linnamorato della signora Maigret
tt97331578,1966,95,Days to Come
tt14039534,1966,120,Make Me an Offer
tt46865293,1966,120,Make Me an Offer
tt76267446,1966,120,Where Angels Fear to Tread
tt37811912,1966,120,Where Angels Fear to Tread
tt74315323,1966,95,Days to Come
tt45512682,1966,95,Days to Come
tt61033531,1966,95,The Legend of Young Dick Turpin Part 1
tt77569844,1966,112,An Enemy of the People
tt65623545,1966,95,The Legend of Young Dick Turpin Part 1
tt45431845,1966,97,Pasolini lenragé
tt28872726,1966,97,Pasolini lenragé
tt58227034,1966,112,An Enemy of the People
tt94629644,1967,13,Episode 1347
tt65978776,1967,13,Episode 1347
tt28805730,1967,15,Diet of DestructionThe Witching Hour
tt12428566,1967,15,Never Step on a ScorpionSands of Crime
tt94106740,1967,15,Return of the Flying DutchmanFarewell Performance
tt43682918,1967,15,Return of the Flying DutchmanFarewell Performance
tt89555408,1967,15,Return of the Flying DutchmanFarewell Performance
tt74983509,1967,15,SpiderMan Meets Dr Noah BoddyThe Fantastic Fakir
tt91234839,1967,15,SpiderMan Meets Dr Noah BoddyThe Fantastic Fakir
tt69611401,1967,15,SpiderMan Meets Dr Noah BoddyThe Fantastic Fakir
tt25274653,1967,15,The Golden RhinoBlueprint for Crime
tt93819159,1967,15,The Golden RhinoBlueprint for Crime
tt62105244,1967,15,The Golden RhinoBlueprint for Crime
tt19683518,1967,15,The Kilowatt KaperThe Peril of Parafino
tt92109138,1967,15,The Night of the VillainsHere Comes Trubble
tt65755726,1967,15,The Night of the VillainsHere Comes Trubble
tt55616723,1967,15,The Night of the VillainsHere Comes Trubble
tt80812178,1967,15,The OneEyed IdolFifth Avenue Phantom
tt28530021,1967,15,The Power of Dr OctopusSubZero for Spidey
tt68864731,1967,15,The Revenge of Dr MagnetoThe Sinister Prime Minister
tt78786250,1967,15,The Sky Is FallingCaptured by J Jonah Jameson
tt87902824,1967,15,The Spider and the FlyThe Slippery Dr Von Schlick
tt30906209,1967,15,The Spider and the FlyThe Slippery Dr Von Schlick
tt96526106,1967,15,The Spider and the FlyThe Slippery Dr Von Schlick
tt32135962,1967,15,The Terrible Triumph of Dr OctopusMagic Malice
tt74378000,1967,15,The Terrible Triumph of Dr OctopusMagic Malice
tt39915510,1967,15,The Terrible Triumph of Dr OctopusMagic Malice
tt54700398,1967,15,The Vultures PreyThe Dark Terrors
tt28526695,1967,15,The Vultures PreyThe Dark Terrors
tt64326794,1967,15,The Vultures PreyThe Dark Terrors
tt86383328,1967,15,Where Crawls the LizardElectro the Human Lightning Bolt
tt58167081,1967,20,Episode 1191
tt35390751,1967,20,Episode 1191
tt79804510,1967,20,Episode 1191
tt82070697,1967,20,Episode 1321
tt47322022,1967,20,Episode 1321
tt18362506,1967,20,Episode 1321
tt21375174,1967,21,Episode 1139
tt47646116,1967,21,Episode 1139
tt98235855,1967,21,Episode 1139
tt26160451,1967,21,Episode 1144
tt89150366,1967,21,Episode 1144
tt24343993,1967,21,Episode 1144
tt99505942,1967,21,Episode 1148
tt30287851,1967,21,Episode 1148
tt82747375,1967,21,Episode 1148
tt65145079,1967,21,Episode 1149
tt59064613,1967,21,Episode 1149
tt43876020,1967,21,Episode 1149
tt67508065,1967,21,Episode 1161
tt34274307,1967,21,Episode 1161
tt52961395,1967,21,Episode 1161
tt96851139,1967,21,Episode 1163
tt15514209,1967,21,Episode 1163
tt90140376,1967,21,Episode 1163
tt82527546,1967,21,Episode 1165
tt50402339,1967,21,Episode 1165
tt65532690,1967,21,Episode 1165
tt34822583,1967,21,Episode 1174
tt27219466,1967,21,Episode 1174
tt40886001,1967,21,Episode 1174
tt75236482,1967,21,Episode 1176
tt99585393,1967,21,Episode 1176
tt63153986,1967,21,Episode 1176
tt85437147,1967,21,Episode 1178
tt19121585,1967,21,Episode 1178
tt18829187,1967,21,Episode 1178
tt34720814,1967,21,Episode 1184
tt34767186,1967,21,Episode 1184
tt74881069,1967,21,Episode 1184
tt25230250,1967,21,Episode 1189
tt52210998,1967,21,Episode 1189
tt92714920,1967,21,Episode 1189
tt74701220,1967,21,Episode 1195
tt91984968,1967,21,Episode 1195
tt92123525,1967,21,Episode 1195
tt77127816,1967,21,Episode 1196
tt35880351,1967,21,Episode 1196
tt20772303,1967,21,Episode 1196
tt71946381,1967,21,Episode 1200
tt39269780,1967,21,Episode 1200
tt35633554,1967,21,Episode 1200
tt52071220,1967,21,Episode 1206
tt65266227,1967,21,Episode 1206
tt67083299,1967,21,Episode 1206
tt92931072,1967,21,Episode 1207
tt33307792,1967,21,Episode 1207
tt63287024,1967,21,Episode 1207
tt68746302,1967,21,Episode 1215
tt67165476,1967,21,Episode 1215
tt56417689,1967,21,Episode 1215
tt17653444,1967,21,Episode 1219
tt43607237,1967,21,Episode 1219
tt24616100,1967,21,Episode 1219
tt91193607,1967,21,Episode 1230
tt16724324,1967,21,Episode 1230
tt36276129,1967,21,Episode 1230
tt94220035,1967,21,Episode 1248
tt38931075,1967,21,Episode 1248
tt92817657,1967,21,Episode 1248
tt64274492,1967,21,Episode 1249
tt38403133,1967,21,Episode 1249
tt62721170,1967,21,Episode 1249
tt30685472,1967,21,Episode 1253
tt12048883,1967,21,Episode 1253
tt77780966,1967,21,Episode 1263
tt65175380,1967,21,Episode 1263
tt87556275,1967,21,Episode 1263
tt97797196,1967,21,Episode 1271
tt45734341,1967,21,Episode 1271
tt32378365,1967,21,Episode 1272
tt85585148,1967,21,Episode 1272
tt36737517,1967,21,Episode 1276
tt80896258,1967,21,Episode 1276
tt26509646,1967,21,Episode 1276
tt64213947,1967,21,Episode 1277
tt53734696,1967,21,Episode 1277
tt15377775,1967,21,Episode 1277
tt11389313,1967,21,Episode 1282
tt33803912,1967,21,Episode 1282
tt49951284,1967,21,Episode 1282
tt61294259,1967,21,Episode 1284
tt34471121,1967,21,Episode 1284
tt40136852,1967,21,Episode 1285
tt21967333,1967,21,Episode 1285
tt17496386,1967,21,Episode 1287
tt11430355,1967,21,Episode 1287
tt27941462,1967,21,Episode 1288
tt37514763,1967,21,Episode 1288
tt74459599,1967,21,Episode 1288
tt94509538,1967,21,Episode 1290
tt38662647,1967,21,Episode 1290
tt65275761,1967,21,Episode 1296
tt57255667,1967,21,Episode 1296
tt85007890,1967,21,Episode 1296
tt21460002,1967,21,Episode 1297
tt28559948,1967,21,Episode 1297
tt25071714,1967,21,Episode 1297
tt64616639,1967,21,Episode 1298
tt97997605,1967,21,Episode 1298
tt13062070,1967,21,Episode 1298
tt46276846,1967,21,Episode 1301
tt67615045,1967,21,Episode 1301
tt85361343,1967,21,Episode 1301
tt17625473,1967,21,Episode 1304
tt77231113,1967,21,Episode 1304
tt67599384,1967,21,Episode 1304
tt15849661,1967,21,Episode 1305
tt85904304,1967,21,Episode 1305
tt64943807,1967,21,Episode 1305
tt46960830,1967,21,Episode 1307
tt94284800,1967,21,Episode 1307
tt42601527,1967,21,Episode 1307
tt55560395,1967,21,Episode 1308
tt97185280,1967,21,Episode 1308
tt85373141,1967,21,Episode 1308
tt79503561,1967,21,Episode 1310
tt55356043,1967,21,Episode 1310
tt12458137,1967,21,Episode 1310
tt88052505,1967,21,Episode 1312
tt26501152,1967,21,Episode 1312
tt22880258,1967,21,Episode 1312
tt99497507,1967,21,Episode 1313
tt62203865,1967,21,Episode 1313
tt93645266,1967,21,Episode 1313
tt98741288,1967,21,Episode 1320
tt71893871,1967,21,Episode 1320
tt73535404,1967,21,Episode 1320
tt13603916,1967,21,Episode 1323
tt12178586,1967,21,Episode 1323
tt14068844,1967,21,Episode 1323
tt44827832,1967,21,Episode 1324
tt64103332,1967,21,Episode 1324
tt86646553,1967,21,Episode 1324
tt21847265,1967,21,Episode 1325
tt44735647,1967,21,Episode 1325
tt27088121,1967,21,Episode 1325
tt17760439,1967,21,Episode 1327
tt83666422,1967,21,Episode 1327
tt31400886,1967,21,Episode 1327
tt20159627,1967,21,Episode 1328
tt79104629,1967,21,Episode 1328
tt33399571,1967,21,Episode 1328
tt21538211,1967,21,Episode 1339
tt68774921,1967,21,Episode 1339
tt74447626,1967,21,Episode 1339
tt91009947,1967,21,Episode 1340
tt13874824,1967,21,Episode 1340
tt72964630,1967,21,Episode 1340
tt28305382,1967,21,Episode 1359
tt72556199,1967,21,Episode 1359
tt62823257,1967,21,Episode 1359
tt24059652,1967,21,Episode 1364
tt83103121,1967,21,Episode 1364
tt62100576,1967,21,Episode 1364
tt12609800,1967,21,Episode 1366
tt96867071,1967,21,Episode 1366
tt22211899,1967,21,Episode 1366
tt62803561,1967,21,Episode 1374
tt24386140,1967,21,Episode 1374
tt66365600,1967,21,Episode 1374
tt81171251,1967,21,Episode 1380
tt26576751,1967,21,Episode 1380
tt39653209,1967,21,Episode 1380
tt65663106,1967,21,Episode 1389
tt55159572,1967,21,Episode 1389
tt35842204,1967,21,Episode 1389
tt84570174,1967,21,Episode 1393
tt62026104,1967,21,Episode 1393
tt38318992,1967,21,Episode 1393
tt79928344,1967,22,A Grave for James Sonnett
tt82016190,1967,22,A Grave for James Sonnett
tt91893810,1967,22,A Grave for James Sonnett
tt94104777,1967,22,A Grave for James Sonnett
tt43152458,1967,22,A Son for a Son
tt31966651,1967,22,A Son for a Son
tt75460898,1967,22,Episode 1136
tt57570823,1967,22,Episode 1136
tt67250687,1967,22,Episode 1136
tt16980401,1967,22,Episode 1137
tt47185716,1967,22,Episode 1137
tt31683044,1967,22,Episode 1137
tt56525058,1967,22,Episode 1138
tt14183478,1967,22,Episode 1138
tt50007457,1967,22,Episode 1138
tt94214612,1967,22,Episode 1140
tt21621870,1967,22,Episode 1140
tt41995362,1967,22,Episode 1140
tt70382648,1967,22,Episode 1141
tt22400366,1967,22,Episode 1141
tt56916035,1967,22,Episode 1141
tt54030394,1967,22,Episode 1142
tt13961805,1967,22,Episode 1142
tt69016495,1967,22,Episode 1142
tt42364120,1967,22,Episode 1143
tt77576656,1967,22,Episode 1143
tt59766711,1967,22,Episode 1143
tt30641454,1967,22,Episode 1145
tt72383542,1967,22,Episode 1145
tt65145367,1967,22,Episode 1145
tt38193376,1967,22,Episode 1146
tt51058895,1967,22,Episode 1146
tt90072822,1967,22,Episode 1146
tt57358133,1967,22,Episode 1147
tt51659674,1967,22,Episode 1147
tt16449824,1967,22,Episode 1147
tt89872895,1967,22,Episode 1150
tt29253161,1967,22,Episode 1150
tt43278301,1967,22,Episode 1150
tt32429655,1967,22,Episode 1151
tt47143479,1967,22,Episode 1151
tt43715430,1967,22,Episode 1151
tt74244395,1967,22,Episode 1152
tt31886942,1967,22,Episode 1152
tt84234947,1967,22,Episode 1152
tt96369564,1967,22,Episode 1153
tt13069305,1967,22,Episode 1153
tt17072740,1967,22,Episode 1153
tt34806575,1967,22,Episode 1154
tt48234352,1967,22,Episode 1154
tt17689211,1967,22,Episode 1154
tt50332115,1967,22,Episode 1155
tt91006747,1967,22,Episode 1155
tt22348090,1967,22,Episode 1155
tt83408968,1967,22,Episode 1157
tt40813050,1967,22,Episode 1157
tt81673782,1967,22,Episode 1157
tt30286371,1967,22,Episode 1158
tt24394299,1967,22,Episode 1158
tt42227286,1967,22,Episode 1158
tt97060591,1967,22,Episode 1159
tt72255313,1967,22,Episode 1159
tt38796100,1967,22,Episode 1159
tt25631894,1967,22,Episode 1160
tt75264329,1967,22,Episode 1160
tt40190013,1967,22,Episode 1160
tt60289832,1967,22,Episode 1162
tt19229329,1967,22,Episode 1162
tt10012689,1967,22,Episode 1162
tt57847607,1967,22,Episode 1164
tt63844040,1967,22,Episode 1164
tt89513425,1967,22,Episode 1164
tt80056663,1967,22,Episode 1166
tt18517343,1967,22,Episode 1166
tt60236630,1967,22,Episode 1166
tt27867370,1967,22,Episode 1167
tt57086470,1967,22,Episode 1167
tt84298656,1967,22,Episode 1167
tt86639156,1967,22,Episode 1168
tt57402419,1967,22,Episode 1168
tt73233451,1967,22,Episode 1168
tt15073695,1967,22,Episode 1169
tt14834750,1967,22,Episode 1169
tt82904426,1967,22,Episode 1169
tt11997683,1967,22,Episode 1170
tt44917101,1967,22,Episode 1170
tt36058695,1967,22,Episode 1170
tt62565920,1967,22,Episode 1171
tt62370101,1967,22,Episode 1171
tt34434071,1967,22,Episode 1171
tt77780645,1967,22,Episode 1172
tt45022635,1967,22,Episode 1172
tt19012507,1967,22,Episode 1172
tt66299250,1967,22,Episode 1173
tt37752578,1967,22,Episode 1173
tt66967290,1967,22,Episode 1173
tt80353418,1967,22,Episode 1175
tt77396619,1967,22,Episode 1175
tt72756895,1967,22,Episode 1175
tt55565718,1967,22,Episode 1177
tt25907800,1967,22,Episode 1177
tt18498171,1967,22,Episode 1177
tt68832193,1967,22,Episode 1179
tt52762313,1967,22,Episode 1179
tt11236067,1967,22,Episode 1179
tt44119324,1967,22,Episode 1180
tt25331273,1967,22,Episode 1180
tt41369929,1967,22,Episode 1180
tt83134366,1967,22,Episode 1181
tt13732591,1967,22,Episode 1181
tt10471752,1967,22,Episode 1181
tt81593534,1967,22,Episode 1182
tt94321121,1967,22,Episode 1182
tt94665498,1967,22,Episode 1182
tt92460687,1967,22,Episode 1183
tt30115218,1967,22,Episode 1183
tt78295611,1967,22,Episode 1183
tt83017881,1967,22,Episode 1185
tt99453567,1967,22,Episode 1185
tt86352810,1967,22,Episode 1185
tt88135309,1967,22,Episode 1186
tt59906279,1967,22,Episode 1186
tt41403777,1967,22,Episode 1186
tt12602919,1967,22,Episode 1187
tt61786077,1967,22,Episode 1187
tt32991460,1967,22,Episode 1187
tt29436046,1967,22,Episode 1188
tt13883629,1967,22,Episode 1188
tt60798864,1967,22,Episode 1188
tt37120881,1967,22,Episode 1190
tt38279514,1967,22,Episode 1190
tt26217103,1967,22,Episode 1190
tt49389497,1967,22,Episode 1192
tt77578327,1967,22,Episode 1192
tt51270309,1967,22,Episode 1192
tt46152247,1967,22,Episode 1193
tt91433935,1967,22,Episode 1193
tt49469248,1967,22,Episode 1193
tt39904074,1967,22,Episode 1194
tt65077402,1967,22,Episode 1194
tt10765751,1967,22,Episode 1194
tt54256795,1967,22,Episode 1197
tt90232922,1967,22,Episode 1197
tt15760243,1967,22,Episode 1197
tt66104534,1967,22,Episode 1198
tt16037678,1967,22,Episode 1198
tt28672229,1967,22,Episode 1198
tt31468434,1967,22,Episode 1199
tt93942320,1967,22,Episode 1199
tt58831279,1967,22,Episode 1199
tt41520327,1967,22,Episode 1201
tt22822271,1967,22,Episode 1201
tt37391041,1967,22,Episode 1201
tt98914462,1967,22,Episode 1202
tt63537790,1967,22,Episode 1202
tt75504820,1967,22,Episode 1202
tt70780325,1967,22,Episode 1203
tt70709346,1967,22,Episode 1203
tt36334410,1967,22,Episode 1203
tt44780018,1967,22,Episode 1204
tt33854409,1967,22,Episode 1204
tt78482783,1967,22,Episode 1204
tt37464080,1967,22,Episode 1205
tt62879953,1967,22,Episode 1205
tt63506978,1967,22,Episode 1205
tt96636442,1967,22,Episode 1208
tt78206731,1967,22,Episode 1208
tt41044713,1967,22,Episode 1208
tt58183588,1967,22,Episode 1209
tt24940660,1967,22,Episode 1209
tt79100230,1967,22,Episode 1209
tt27965362,1967,22,Episode 1210
tt77173890,1967,22,Episode 1210
tt33638067,1967,22,Episode 1210
tt77293564,1967,22,Episode 1211
tt59749867,1967,22,Episode 1211
tt52557151,1967,22,Episode 1211
tt32957575,1967,22,Episode 1212
tt21008933,1967,22,Episode 1212
tt86578877,1967,22,Episode 1212
tt31819579,1967,22,Episode 1213
tt23537737,1967,22,Episode 1213
tt91179645,1967,22,Episode 1213
tt45957781,1967,22,Episode 1214
tt55825222,1967,22,Episode 1214
tt90960550,1967,22,Episode 1214
tt19065344,1967,22,Episode 1216
tt33718972,1967,22,Episode 1216
tt81957102,1967,22,Episode 1216
tt94195494,1967,22,Episode 1217
tt59311209,1967,22,Episode 1217
tt59230606,1967,22,Episode 1217
tt54793018,1967,22,Episode 1218
tt37593188,1967,22,Episode 1218
tt69256731,1967,22,Episode 1218
tt47623159,1967,22,Episode 1220
tt79538390,1967,22,Episode 1220
tt94258080,1967,22,Episode 1220
tt35673165,1967,22,Episode 1221
tt53687382,1967,22,Episode 1221
tt17523927,1967,22,Episode 1221
tt50182336,1967,22,Episode 1222
tt30698517,1967,22,Episode 1222
tt95286258,1967,22,Episode 1222
tt13806704,1967,22,Episode 1223
tt10774248,1967,22,Episode 1223
tt75514515,1967,22,Episode 1223
tt87970657,1967,22,Episode 1224
tt94755100,1967,22,Episode 1224
tt15588394,1967,22,Episode 1224
tt42217400,1967,22,Episode 1225
tt31210888,1967,22,Episode 1225
tt52364952,1967,22,Episode 1225
tt31761322,1967,22,Episode 1228
tt50257872,1967,22,Episode 1228
tt86521164,1967,22,Episode 1228
tt49000101,1967,22,Episode 1229
tt65306614,1967,22,Episode 1229
tt15482656,1967,22,Episode 1229
tt81072186,1967,22,Episode 1231
tt11534396,1967,22,Episode 1231
tt19279128,1967,22,Episode 1231
tt62079182,1967,22,Episode 1232
tt34720735,1967,22,Episode 1232
tt92334013,1967,22,Episode 1232
tt47434680,1967,22,Episode 1233
tt36420779,1967,22,Episode 1233
tt64485886,1967,22,Episode 1233
tt52732763,1967,22,Episode 1234
tt53239894,1967,22,Episode 1234
tt33432178,1967,22,Episode 1234
tt35877015,1967,22,Episode 1235
tt90132324,1967,22,Episode 1235
tt78201448,1967,22,Episode 1235
tt85424022,1967,22,Episode 1236
tt18306682,1967,22,Episode 1236
tt33139838,1967,22,Episode 1236
tt56822765,1967,22,Episode 1237
tt37822684,1967,22,Episode 1237
tt87810034,1967,22,Episode 1237
tt33519820,1967,22,Episode 1238
tt62530790,1967,22,Episode 1238
tt69614876,1967,22,Episode 1238
tt72206923,1967,22,Episode 1239
tt89116507,1967,22,Episode 1239
tt60788736,1967,22,Episode 1239
tt46546122,1967,22,Episode 1240
tt26609988,1967,22,Episode 1240
tt51589592,1967,22,Episode 1240
tt13996538,1967,22,Episode 1241
tt31008362,1967,22,Episode 1241
tt61916768,1967,22,Episode 1241
tt89458694,1967,22,Episode 1242
tt72273380,1967,22,Episode 1242
tt82214853,1967,22,Episode 1242
tt14068811,1967,22,Episode 1243
tt86754811,1967,22,Episode 1243
tt23711990,1967,22,Episode 1243
tt22049772,1967,22,Episode 1244
tt36371809,1967,22,Episode 1244
tt92066348,1967,22,Episode 1244
tt58714789,1967,22,Episode 1245
tt17967912,1967,22,Episode 1245
tt34682374,1967,22,Episode 1246
tt46711200,1967,22,Episode 1246
tt50748461,1967,22,Episode 1246
tt63366167,1967,22,Episode 1247
tt36536743,1967,22,Episode 1247
tt49764296,1967,22,Episode 1247
tt88270563,1967,22,Episode 1250
tt69369455,1967,22,Episode 1250
tt63508992,1967,22,Episode 1251
tt47346786,1967,22,Episode 1251
tt63596117,1967,22,Episode 1251
tt92564894,1967,22,Episode 1252
tt16433880,1967,22,Episode 1252
tt13880141,1967,22,Episode 1252
tt39207390,1967,22,Episode 1254
tt73332556,1967,22,Episode 1254
tt13798555,1967,22,Episode 1255
tt30133005,1967,22,Episode 1255
tt89133785,1967,22,Episode 1255
tt60296074,1967,22,Episode 1256
tt79570020,1967,22,Episode 1256
tt77625614,1967,22,Episode 1256
tt96190873,1967,22,Episode 1257
tt30270979,1967,22,Episode 1257
tt59368443,1967,22,Episode 1257
tt82381464,1967,22,Episode 1258
tt47259641,1967,22,Episode 1258
tt26961878,1967,22,Episode 1258
tt89243725,1967,22,Episode 1259
tt55652238,1967,22,Episode 1259
tt13201499,1967,22,Episode 1260
tt27890405,1967,22,Episode 1260
tt87990695,1967,22,Episode 1260
tt10793537,1967,22,Episode 1261
tt84580324,1967,22,Episode 1261
tt57106631,1967,22,Episode 1261
tt88367866,1967,22,Episode 1262
tt46290681,1967,22,Episode 1262
tt56773897,1967,22,Episode 1264
tt41474218,1967,22,Episode 1264
tt36144109,1967,22,Episode 1264
tt19427615,1967,22,Episode 1265
tt49146560,1967,22,Episode 1265
tt67086131,1967,22,Episode 1266
tt69384752,1967,22,Episode 1266
tt93803205,1967,22,Episode 1266
tt60404135,1967,22,Episode 1267
tt72406914,1967,22,Episode 1267
tt35493695,1967,22,Episode 1267
tt51040064,1967,22,Episode 1268
tt87906809,1967,22,Episode 1268
tt44525604,1967,22,Episode 1268
tt22753030,1967,22,Episode 1269
tt84085913,1967,22,Episode 1269
tt59598793,1967,22,Episode 1269
tt40711938,1967,22,Episode 1270
tt60089843,1967,22,Episode 1270
tt59153032,1967,22,Episode 1270
tt54421430,1967,22,Episode 1273
tt55861549,1967,22,Episode 1273
tt48962032,1967,22,Episode 1274
tt83323977,1967,22,Episode 1274
tt37729500,1967,22,Episode 1274
tt55257664,1967,22,Episode 1275
tt94124532,1967,22,Episode 1275
tt36130753,1967,22,Episode 1275
tt62582711,1967,22,Episode 1278
tt35563784,1967,22,Episode 1278
tt94913293,1967,22,Episode 1279
tt53721992,1967,22,Episode 1279
tt31728845,1967,22,Episode 1279
tt56898463,1967,22,Episode 1280
tt42988177,1967,22,Episode 1280
tt65878393,1967,22,Episode 1280
tt68883353,1967,22,Episode 1281
tt23842285,1967,22,Episode 1281
tt32382560,1967,22,Episode 1283
tt28439489,1967,22,Episode 1283
tt40012681,1967,22,Episode 1283
tt16690653,1967,22,Episode 1286
tt16401076,1967,22,Episode 1286
tt79217409,1967,22,Episode 1286
tt85265319,1967,22,Episode 1289
tt15223388,1967,22,Episode 1289
tt69458226,1967,22,Episode 1289
tt44605542,1967,22,Episode 1291
tt23539955,1967,22,Episode 1291
tt43634634,1967,22,Episode 1291
tt11793999,1967,22,Episode 1292
tt19896394,1967,22,Episode 1292
tt28963888,1967,22,Episode 1292
tt42384540,1967,22,Episode 1293
tt86370371,1967,22,Episode 1293
tt86123136,1967,22,Episode 1293
tt74710108,1967,22,Episode 1294
tt88712109,1967,22,Episode 1294
tt99839627,1967,22,Episode 1294
tt72062675,1967,22,Episode 1295
tt51470352,1967,22,Episode 1295
tt28080302,1967,22,Episode 1295
tt54317221,1967,22,Episode 1299
tt80453858,1967,22,Episode 1299
tt73766286,1967,22,Episode 1299
tt54705656,1967,22,Episode 1300
tt51573784,1967,22,Episode 1300
tt48829163,1967,22,Episode 1300
tt34832967,1967,22,Episode 1302
tt90124347,1967,22,Episode 1302
tt63759057,1967,22,Episode 1302
tt81579788,1967,22,Episode 1303
tt47289865,1967,22,Episode 1303
tt83692211,1967,22,Episode 1303
tt36993951,1967,22,Episode 1306
tt20566701,1967,22,Episode 1306
tt42616196,1967,22,Episode 1306
tt57379292,1967,22,Episode 1309
tt49384171,1967,22,Episode 1309
tt38320074,1967,22,Episode 1309
tt60361874,1967,22,Episode 1311
tt53556037,1967,22,Episode 1311
tt11115233,1967,22,Episode 1311
tt83145670,1967,22,Episode 1314
tt67627768,1967,22,Episode 1314
tt58712770,1967,22,Episode 1314
tt32278823,1967,22,Episode 1315
tt54883526,1967,22,Episode 1315
tt93120596,1967,22,Episode 1315
tt24263994,1967,22,Episode 1316
tt32484556,1967,22,Episode 1316
tt15191546,1967,22,Episode 1316
tt60155198,1967,22,Episode 1317
tt66344152,1967,22,Episode 1317
tt10743062,1967,22,Episode 1317
tt21796238,1967,22,Episode 1318
tt57918840,1967,22,Episode 1318
tt48542361,1967,22,Episode 1318
tt84709456,1967,22,Episode 1319
tt48729662,1967,22,Episode 1319
tt13089076,1967,22,Episode 1319
tt26866846,1967,22,Episode 1322
tt73238866,1967,22,Episode 1322
tt62295586,1967,22,Episode 1322
tt89152172,1967,22,Episode 1326
tt53867422,1967,22,Episode 1326
tt17564030,1967,22,Episode 1326
tt71488838,1967,22,Episode 1329
tt52202097,1967,22,Episode 1329
tt13838831,1967,22,Episode 1329
tt47838995,1967,22,Episode 1330
tt34614574,1967,22,Episode 1330
tt65982304,1967,22,Episode 1330
tt85364602,1967,22,Episode 1331
tt62882216,1967,22,Episode 1331
tt78359366,1967,22,Episode 1331
tt97239237,1967,22,Episode 1333
tt15965870,1967,22,Episode 1333
tt25059600,1967,22,Episode 1333
tt21291691,1967,22,Episode 1335
tt38060352,1967,22,Episode 1335
tt74097302,1967,22,Episode 1335
tt75605805,1967,22,Episode 1336
tt68133558,1967,22,Episode 1336
tt74549376,1967,22,Episode 1336
tt37440874,1967,22,Episode 1337
tt47561900,1967,22,Episode 1337
tt15616490,1967,22,Episode 1337
tt51494810,1967,22,Episode 1338
tt49271544,1967,22,Episode 1338
tt10159035,1967,22,Episode 1338
tt13495406,1967,22,Episode 1341
tt23296314,1967,22,Episode 1341
tt40106510,1967,22,Episode 1342
tt41163655,1967,22,Episode 1342
tt89892608,1967,22,Episode 1343
tt26623506,1967,22,Episode 1343
tt69617486,1967,22,Episode 1345
tt60474231,1967,22,Episode 1345
tt95836267,1967,22,Episode 1345
tt11560912,1967,22,Episode 1348
tt68182593,1967,22,Episode 1348
tt76210411,1967,22,Episode 1350
tt47064746,1967,22,Episode 1350
tt93445640,1967,22,Episode 1350
tt75612787,1967,22,Episode 1351
tt14676351,1967,22,Episode 1351
tt44673249,1967,22,Episode 1351
tt73484183,1967,22,Episode 1355
tt76242801,1967,22,Episode 1355
tt42984016,1967,22,Episode 1355
tt47504661,1967,22,Episode 1356
tt33870872,1967,22,Episode 1356
tt87236868,1967,22,Episode 1356
tt80265090,1967,22,Episode 1357
tt67805127,1967,22,Episode 1357
tt47868502,1967,22,Episode 1357
tt49624459,1967,22,Episode 1358
tt94662550,1967,22,Episode 1358
tt16778141,1967,22,Episode 1358
tt75338845,1967,22,Episode 1360
tt27800339,1967,22,Episode 1360
tt76685441,1967,22,Episode 1360
tt61069095,1967,22,Episode 1362
tt98801436,1967,22,Episode 1362
tt86668389,1967,22,Episode 1362
tt20083713,1967,22,Episode 1363
tt36119514,1967,22,Episode 1363
tt76081204,1967,22,Episode 1363
tt16689528,1967,22,Episode 1365
tt73394922,1967,22,Episode 1365
tt47548007,1967,22,Episode 1365
tt28399239,1967,22,Episode 1368
tt52887433,1967,22,Episode 1368
tt60732680,1967,22,Episode 1368
tt32572279,1967,22,Episode 1371
tt42290434,1967,22,Episode 1371
tt71419428,1967,22,Episode 1371
tt16718236,1967,22,Episode 1377
tt28524978,1967,22,Episode 1377
tt25650488,1967,22,Episode 1377
tt59848401,1967,22,Episode 1382
tt94409105,1967,22,Episode 1382
tt20249714,1967,22,Episode 1382
tt71934746,1967,22,Episode 1383
tt48001488,1967,22,Episode 1383
tt10835073,1967,22,Episode 1383
tt72474617,1967,22,Episode 1385
tt31644937,1967,22,Episode 1385
tt79602352,1967,22,Episode 1385
tt23160216,1967,22,Episode 1387
tt80934855,1967,22,Episode 1387
tt72855167,1967,22,Episode 1387
tt95747363,1967,22,Episode 1388
tt92558845,1967,22,Episode 1388
tt21588173,1967,22,Episode 1388
tt22812290,1967,22,Episode 1390
tt58734539,1967,22,Episode 1390
tt95630676,1967,22,Episode 1390
tt18712855,1967,22,Episode 1392
tt45178546,1967,22,Episode 1392
tt56730157,1967,22,Episode 1392
tt49757838,1967,22,Episode 1394
tt38391401,1967,22,Episode 1394
tt30526213,1967,22,Episode 1394
tt19890168,1967,22,First Love
tt44882586,1967,22,First Love
tt85533725,1967,22,Kishi no okite
tt90610982,1967,22,Kowasareta ningyou
tt37111553,1967,22,Menace of the Black MantaThe Rampaging ReptileMenBetween Two Armies
tt76261940,1967,22,Menace of the Black MantaThe Rampaging ReptileMenBetween Two Armies
tt49157936,1967,22,Message at Noon
tt22451957,1967,22,Message at Noon
tt17312870,1967,22,Of Lasting Summers and Jim Sonnett
tt43288330,1967,22,Surfs Up Jokers Under
tt69722231,1967,22,Surfs Up Jokers Under
tt42623197,1967,22,Surfs Up Jokers Under
tt17268274,1967,22,Surfs Up Jokers Under
tt28243905,1967,22,Surfs Up Jokers Under
tt15100429,1967,22,The Secret Invaders Part 1
tt51546284,1967,22,The Secret Invaders Part 1
tt43227697,1967,23,Arashi no kanoke tou
tt20494080,1967,23,Bara no kan
tt55114709,1967,23,Biinasu no netami
tt18199558,1967,23,Bujutsu taikai no maki
tt19006569,1967,23,Crash in the Jungle Part 1
tt71123817,1967,23,Crash in the Jungle Part 1
tt72703981,1967,23,Crash in the Jungle Part 2
tt24477777,1967,23,Crash in the Jungle Part 2
tt21490627,1967,23,Day of the Bighorn
tt11166294,1967,23,Day of the Bighorn
tt95513523,1967,23,Day of the Bighorn
tt37865219,1967,23,Day of the Bighorn
tt52239261,1967,23,Episode 1156
tt55260181,1967,23,Episode 1156
tt44135216,1967,23,Episode 1156
tt12571694,1967,23,Episode 1227
tt48360707,1967,23,Episode 1227
tt62272182,1967,23,Episode 1227
tt60413671,1967,23,Episode 1332
tt68939781,1967,23,Episode 1332
tt20534480,1967,23,Episode 1332
tt36621879,1967,23,Episode 1334
tt39451901,1967,23,Episode 1334
tt72327421,1967,23,Episode 1334
tt83499390,1967,23,Episode 1344
tt50272324,1967,23,Episode 1344
tt53291327,1967,23,Episode 1346
tt34919851,1967,23,Episode 1346
tt84215367,1967,23,Episode 1349
tt78643355,1967,23,Episode 1349
tt20244792,1967,23,Episode 1349
tt99701299,1967,23,Episode 1352
tt33864847,1967,23,Episode 1352
tt67734938,1967,23,Episode 1352
tt17415780,1967,23,Episode 1353
tt28259777,1967,23,Episode 1353
tt13699103,1967,23,Episode 1353
tt98182505,1967,23,Episode 1354
tt16757674,1967,23,Episode 1354
tt64323915,1967,23,Episode 1354
tt80380064,1967,23,Episode 1361
tt97745297,1967,23,Episode 1361
tt24250854,1967,23,Episode 1361
tt29003947,1967,23,Episode 1367
tt77674257,1967,23,Episode 1367
tt52232912,1967,23,Episode 1367
tt79653186,1967,23,Episode 1370
tt31808749,1967,23,Episode 1370
tt68628701,1967,23,Episode 1370
tt37963118,1967,23,Episode 1372
tt40176311,1967,23,Episode 1372
tt48489053,1967,23,Episode 1372
tt82110518,1967,23,Episode 1373
tt85191663,1967,23,Episode 1373
tt13832229,1967,23,Episode 1373
tt83084356,1967,23,Episode 1375
tt13664798,1967,23,Episode 1375
tt72113087,1967,23,Episode 1375
tt19717466,1967,23,Episode 1376
tt83420627,1967,23,Episode 1376
tt33842681,1967,23,Episode 1376
tt60800037,1967,23,Episode 1378
tt35477596,1967,23,Episode 1378
tt98930817,1967,23,Episode 1378
tt46770198,1967,23,Episode 1379
tt27125301,1967,23,Episode 1379
tt41081976,1967,23,Episode 1379
tt74782404,1967,23,Episode 1381
tt99468102,1967,23,Episode 1381
tt66078348,1967,23,Episode 1381
tt51450947,1967,23,Episode 1384
tt66153345,1967,23,Episode 1384
tt48276167,1967,23,Episode 1384
tt82406136,1967,23,Episode 1386
tt21645115,1967,23,Episode 1386
tt64772934,1967,23,Episode 1386
tt21884823,1967,23,Episode 1395
tt47965780,1967,23,Episode 1395
tt93214356,1967,23,Episode 1395
tt25589432,1967,23,Fushigina kagami
tt42601915,1967,23,Gang of Assassins Part 1
tt74819706,1967,23,Gang of Assassins Part 1
tt84768076,1967,23,Gang of Assassins Part 2
tt99048637,1967,23,Gang of Assassins Part 2
tt86171943,1967,23,Girl Daredevil Part 1
tt89565514,1967,23,Lassies Litter Bits
tt79885549,1967,23,Lassies Litter Bits
tt56904018,1967,23,Nana hiki no koyagi
tt79414524,1967,23,Noroi no hakuchou
tt91815928,1967,23,Ougon no kitsune kari
tt87545482,1967,23,Ousama banzai
tt52322237,1967,23,Sayonara yuurei san
tt38189716,1967,23,The Abominable Snowmen Episode One
tt80143793,1967,23,The Abominable Snowmen Episode One
tt30420542,1967,23,The Abominable Snowmen Episode One
tt45547940,1967,23,The Abominable Snowmen Episode One
tt28653581,1967,23,The Abominable Snowmen Episode One
tt94955773,1967,23,The Abominable Snowmen Episode Two
tt81704478,1967,23,The Abominable Snowmen Episode Two
tt88993969,1967,23,The Abominable Snowmen Episode Two
tt81611042,1967,23,The Abominable Snowmen Episode Two
tt10851482,1967,23,The Abominable Snowmen Episode Two
tt70748575,1967,23,The Car Hater
tt51265933,1967,23,The Car Hater
tt47962533,1967,23,The Faceless Ones Episode 3
tt64903890,1967,23,The Faceless Ones Episode 3
tt44736739,1967,23,The Faceless Ones Episode 3
tt45209099,1967,23,The Faceless Ones Episode 3
tt49732901,1967,23,The Fastest Car on Earth Part 2
tt92637998,1967,23,The Great Plan Part 1
tt65983231,1967,23,The Great Plan Part 1
tt19453369,1967,23,The Macra Terror Episode 3
tt69946042,1967,23,The Macra Terror Episode 3
tt32237771,1967,23,The Macra Terror Episode 3
tt56190791,1967,23,The Macra Terror Episode 3
tt11338553,1967,23,The Man on the Lam
tt40956539,1967,23,The Man on the Lam
tt70259900,1967,23,The Moonbase Episode 4
tt85899114,1967,23,The Moonbase Episode 4
tt55200547,1967,23,The Moonbase Episode 4
tt23038197,1967,23,The Moonbase Episode 4
tt83363410,1967,23,The Most Dangerous Race Part 1
tt16721071,1967,23,The Most Dangerous Race Part 1
tt17059771,1967,23,The Most Dangerous Race Part 2
tt87406703,1967,23,The Most Dangerous Race Part 2
tt86166999,1967,23,The Most Dangerous Race Part 3
tt91337359,1967,23,The Most Dangerous Race Part 3
tt53573458,1967,23,The Race Against Time Part 1
tt85660403,1967,23,The Race Against Time Part 1
tt50672353,1967,23,The Race Against Time Part 2
tt57295826,1967,23,The Race Against Time Part 2
tt33837626,1967,23,The Race Against the Mammoth Car Part 1
tt58814719,1967,23,The Race Against the Mammoth Car Part 2
tt21615625,1967,23,The Race for Life
tt44106265,1967,23,The Race for Life
tt24694433,1967,23,The Royal Racer Part 1
tt42275048,1967,23,The Royal Racer Part 1
tt47461132,1967,23,The Royal Racer Part 2
tt39088549,1967,23,The Secret Invaders Part 2
tt90049703,1967,23,The Secret Invaders Part 2
tt37065651,1967,23,The Snake Track
tt70020188,1967,23,The Snake Track
tt12121153,1967,23,The Supersonic Car
tt58149896,1967,23,The Supersonic Car
tt40691367,1967,23,The Terrifying Gambler
tt63095690,1967,23,The Underwater Menace Episode 4
tt33709802,1967,23,The Underwater Menace Episode 4
tt11198614,1967,23,The Underwater Menace Episode 4
tt69296348,1967,23,The Underwater Menace Episode 4
tt60234329,1967,24,A Horse of Another Color
tt43308753,1967,24,A Horse of Another Color
tt17476435,1967,24,A Horse of Another Color
tt38282672,1967,24,A Horse of Another Color
tt62187948,1967,24,A Horse of Another Color
tt23824910,1967,24,Alarm im Moor
tt22032702,1967,24,Alarm im Moor
tt79834429,1967,24,Alarm im Moor
tt20392587,1967,24,Batmans Anniversary
tt85288454,1967,24,Batmans Anniversary
tt93814338,1967,24,Batmans Anniversary
tt56057331,1967,24,Batmans Anniversary
tt13635422,1967,24,Batmans Anniversary
tt20178799,1967,24,Black Widow Strikes Again
tt41046915,1967,24,Black Widow Strikes Again
tt40648690,1967,24,Black Widow Strikes Again
tt93429433,1967,24,Black Widow Strikes Again
tt38437056,1967,24,Challenge of the Masked Racer Part 1
tt88330066,1967,24,Challenge of the Masked Racer Part 1
tt20446108,1967,24,Challenge of the Masked Racer Part 2
tt19188301,1967,24,Challenge of the Masked Racer Part 2
tt72076996,1967,24,Chinku to Koretto chan
tt46269378,1967,24,Chinku to umi no ojousama
tt37329790,1967,24,Das Mädchen von der Autobahn
tt66290369,1967,24,Das Mädchen von der Autobahn
tt11063963,1967,24,Das Mädchen von der Autobahn
tt69556898,1967,24,Das sichere Versteck
tt44057690,1967,24,Das sichere Versteck
tt80120635,1967,24,Das sichere Versteck
tt56953911,1967,24,Der Blumenstrauß
tt48463551,1967,24,Der Blumenstrauß
tt32454254,1967,24,Der Blumenstrauß
tt92496926,1967,24,Der Pferdenarr
tt29080168,1967,24,Der Pferdenarr
tt84618102,1967,24,Der Pferdenarr
tt84080121,1967,24,Der Wolfshund
tt33188507,1967,24,Der Wolfshund
tt86655326,1967,24,Der Wolfshund
tt30703454,1967,24,Der schnelle Schlitten
tt60070022,1967,24,Der schnelle Schlitten
tt91387167,1967,24,Der schnelle Schlitten
tt52515252,1967,24,Flop Goes the Joker
tt50397063,1967,24,Flop Goes the Joker
tt37833931,1967,24,Flop Goes the Joker
tt51516727,1967,24,Flop Goes the Joker
tt32962354,1967,24,Gefährlicher Spaziergang
tt91421940,1967,24,Gefährlicher Spaziergang
tt72296290,1967,24,Gefährlicher Spaziergang
tt42853039,1967,24,Girl Daredevil Part 2
tt53313889,1967,24,How to Hatch a Dinosaur
tt24266362,1967,24,How to Hatch a Dinosaur
tt34532341,1967,24,How to Hatch a Dinosaur
tt62987287,1967,24,How to Hatch a Dinosaur
tt26989977,1967,24,Ice Spy
tt86578759,1967,24,Ice Spy
tt63469731,1967,24,Ice Spy
tt97906051,1967,24,Ice Spy
tt33409011,1967,24,Ice Spy
tt39403761,1967,24,Isoge kurokumo tou no maki
tt35706582,1967,24,Louie the Lilac
tt85534404,1967,24,Louie the Lilac
tt95828990,1967,24,Louie the Lilac
tt22554941,1967,24,Louie the Lilac
tt98025068,1967,24,Louie the Lilac
tt51647363,1967,24,Mach Five vs Mach Five Part 1
tt59724454,1967,24,Mach Five vs Mach Five Part 1
tt81220357,1967,24,Mach Five vs Mach Five Part 2
tt59655149,1967,24,Mach Five vs Mach Five Part 2
tt77130020,1967,24,Mahou no pen
tt47553943,1967,24,Maou toujou no maki
tt63631749,1967,24,Mind If We Join Your Wedding
tt37073990,1967,24,Mind If We Join Your Wedding
tt86493031,1967,24,Mind If We Join Your Wedding
tt29866801,1967,24,Model Spy
tt82182000,1967,24,Model Spy
tt20246348,1967,24,Mord im Lehrlingsheim
tt17488472,1967,24,Mord im Lehrlingsheim
tt93566378,1967,24,Mord im Lehrlingsheim
tt86715029,1967,24,Piramiddo no kaijin
tt45680897,1967,24,Pop Goes the Joker
tt36258616,1967,24,Pop Goes the Joker
tt87490568,1967,24,Pop Goes the Joker
tt58129355,1967,24,Pop Goes the Joker
tt11832154,1967,24,Race for Revenge Part 1
tt38565203,1967,24,Race for Revenge Part 1
tt56413405,1967,24,Race for Revenge Part 2
tt29761323,1967,24,Race for Revenge Part 2
tt67541595,1967,24,Safaiya no kaanibaru
tt22111772,1967,24,Sekaiichi no o yatsu
tt39237466,1967,24,The Abominable Snowmen Episode Five
tt16245068,1967,24,The Abominable Snowmen Episode Five
tt32750258,1967,24,The Abominable Snowmen Episode Five
tt94429974,1967,24,The Abominable Snowmen Episode Five
tt59957221,1967,24,The Abominable Snowmen Episode Five
tt73936614,1967,24,The Abominable Snowmen Episode Four
tt27182740,1967,24,The Abominable Snowmen Episode Four
tt83817027,1967,24,The Abominable Snowmen Episode Four
tt32965702,1967,24,The Abominable Snowmen Episode Four
tt55756082,1967,24,The Abominable Snowmen Episode Four
tt51695488,1967,24,The Abominable Snowmen Episode Six
tt38064066,1967,24,The Abominable Snowmen Episode Six
tt18544080,1967,24,The Abominable Snowmen Episode Six
tt45868336,1967,24,The Abominable Snowmen Episode Six
tt91093358,1967,24,The Abominable Snowmen Episode Six
tt75164257,1967,24,The Abominable Snowmen Episode Three
tt16923043,1967,24,The Abominable Snowmen Episode Three
tt41209881,1967,24,The Abominable Snowmen Episode Three
tt25034792,1967,24,The Abominable Snowmen Episode Three
tt82475384,1967,24,The Abominable Snowmen Episode Three
tt98313806,1967,24,The Desperate Desert Race Part 1
tt89904677,1967,24,The Desperate Desert Race Part 1
tt44020848,1967,24,The Desperate Desert Race Part 2
tt59913820,1967,24,The Desperate Desert Race Part 2
tt97563210,1967,24,The Duo Defy
tt52912093,1967,24,The Duo Defy
tt14222105,1967,24,The Duo Defy
tt13345289,1967,24,The Duo Defy
tt59867254,1967,24,The Duo Defy
tt59806095,1967,24,The Enemy of the World Episode 1
tt29711145,1967,24,The Enemy of the World Episode 1
tt41519316,1967,24,The Enemy of the World Episode 1
tt98094539,1967,24,The Enemy of the World Episode 1
tt28361306,1967,24,The Enemy of the World Episode 2
tt19333057,1967,24,The Enemy of the World Episode 2
tt66063114,1967,24,The Enemy of the World Episode 2
tt90719131,1967,24,The Enemy of the World Episode 2
tt25205491,1967,24,The Evil of the Daleks Episode 1
tt40116636,1967,24,The Evil of the Daleks Episode 1
tt63634206,1967,24,The Evil of the Daleks Episode 1
tt56116088,1967,24,The Evil of the Daleks Episode 1
tt62020056,1967,24,The Faceless Ones Episode 1
tt32895798,1967,24,The Faceless Ones Episode 1
tt89257401,1967,24,The Faceless Ones Episode 1
tt48246275,1967,24,The Faceless Ones Episode 1
tt65951400,1967,24,The Faceless Ones Episode 5
tt85609182,1967,24,The Faceless Ones Episode 5
tt69944773,1967,24,The Faceless Ones Episode 5
tt29941837,1967,24,The Faceless Ones Episode 5
tt55933581,1967,24,The Faceless Ones Episode 6
tt85377595,1967,24,The Faceless Ones Episode 6
tt37048983,1967,24,The Faceless Ones Episode 6
tt72330102,1967,24,The Faceless Ones Episode 6
tt41550873,1967,24,The Fastest Car on Earth Part 1
tt62286238,1967,24,The Fire Race Part 1
tt58891562,1967,24,The Fire Race Part 2
tt70292829,1967,24,The Great Plan Part 2
tt23381197,1967,24,The Great Plan Part 2
tt19574114,1967,24,The Highlanders Episode 4
tt92952748,1967,24,The Highlanders Episode 4
tt44275982,1967,24,The Highlanders Episode 4
tt99594703,1967,24,The Highlanders Episode 4
tt37913609,1967,24,The Ice Warriors Episode Five
tt26210282,1967,24,The Ice Warriors Episode Five
tt87652950,1967,24,The Ice Warriors Episode Five
tt19942899,1967,24,The Ice Warriors Episode Five
tt66169026,1967,24,The Ice Warriors Episode Four
tt96876956,1967,24,The Ice Warriors Episode Four
tt53007312,1967,24,The Ice Warriors Episode Four
tt58445128,1967,24,The Ice Warriors Episode Four
tt12557952,1967,24,The Ice Warriors Episode One
tt46953846,1967,24,The Ice Warriors Episode One
tt41837182,1967,24,The Ice Warriors Episode One
tt60897703,1967,24,The Ice Warriors Episode One
tt37847539,1967,24,The Ice Warriors Episode Six
tt22281549,1967,24,The Ice Warriors Episode Six
tt40797495,1967,24,The Ice Warriors Episode Six
tt66553720,1967,24,The Ice Warriors Episode Six
tt35702587,1967,24,The Ice Warriors Episode Three
tt65331987,1967,24,The Ice Warriors Episode Three
tt16934510,1967,24,The Ice Warriors Episode Three
tt56108899,1967,24,The Ice Warriors Episode Three
tt36772908,1967,24,The Ice Warriors Episode Two
tt50150128,1967,24,The Ice Warriors Episode Two
tt11651675,1967,24,The Ice Warriors Episode Two
tt96502486,1967,24,The Ice Warriors Episode Two
tt17245296,1967,24,The Macra Terror Episode 1
tt83964313,1967,24,The Macra Terror Episode 1
tt76852553,1967,24,The Macra Terror Episode 1
tt43915917,1967,24,The Macra Terror Episode 1
tt52957327,1967,24,The Macra Terror Episode 2
tt55879618,1967,24,The Macra Terror Episode 2
tt35822369,1967,24,The Macra Terror Episode 2
tt11436977,1967,24,The Macra Terror Episode 2
tt65894341,1967,24,The Macra Terror Episode 4
tt22718819,1967,24,The Macra Terror Episode 4
tt24472661,1967,24,The Macra Terror Episode 4
tt79302933,1967,24,The Macra Terror Episode 4
tt89523753,1967,24,The Moonbase Episode 1
tt14685500,1967,24,The Moonbase Episode 1
tt99785092,1967,24,The Moonbase Episode 1
tt18325779,1967,24,The Moonbase Episode 1
tt83182124,1967,24,The Ogg and I
tt99064994,1967,24,The Ogg and I
tt40639842,1967,24,The Ogg and I
tt85561722,1967,24,The Ogg and I
tt44215682,1967,24,The Secret Engine Part 1
tt11582852,1967,24,The Secret Engine Part 1
tt13026161,1967,24,The Secret Engine Part 2
tt79669215,1967,24,The Secret Engine Part 2
tt13145438,1967,24,The Tomb of the Cybermen Episode 1
tt56619034,1967,24,The Tomb of the Cybermen Episode 1
tt19532911,1967,24,The Tomb of the Cybermen Episode 1
tt39816413,1967,24,The Tomb of the Cybermen Episode 1
tt59710487,1967,24,The Tomb of the Cybermen Episode 1
tt82449222,1967,24,The Tomb of the Cybermen Episode 3
tt72133126,1967,24,The Tomb of the Cybermen Episode 3
tt72213419,1967,24,The Tomb of the Cybermen Episode 3
tt61115165,1967,24,The Tomb of the Cybermen Episode 3
tt71224367,1967,24,The Tomb of the Cybermen Episode 3
tt77300903,1967,24,The Tomb of the Cybermen Episode 4
tt54294149,1967,24,The Tomb of the Cybermen Episode 4
tt64586596,1967,24,The Tomb of the Cybermen Episode 4
tt94419248,1967,24,The Tomb of the Cybermen Episode 4
tt87674398,1967,24,The Tomb of the Cybermen Episode 4
tt13871803,1967,24,The Trap
tt28461111,1967,24,The Trap
tt21504831,1967,24,The Trap
tt15060611,1967,24,The Underwater Menace Episode 1
tt93679779,1967,24,The Underwater Menace Episode 1
tt47190606,1967,24,The Underwater Menace Episode 1
tt59319022,1967,24,The Underwater Menace Episode 1
tt97271036,1967,24,The Underwater Menace Episode 3
tt14792913,1967,24,The Underwater Menace Episode 3
tt83139909,1967,24,The Underwater Menace Episode 3
tt56618572,1967,24,The Underwater Menace Episode 3
tt64891891,1967,24,The Unkindest Tut of All
tt72034707,1967,24,The Unkindest Tut of All
tt12528872,1967,24,The Unkindest Tut of All
tt69686938,1967,24,The Unkindest Tut of All
tt41876242,1967,24,The Unkindest Tut of All
tt45781421,1967,24,White as Snow
tt47037852,1967,24,White as Snow
tt74181589,1967,24,Yuki no joou
tt36785691,1967,24,Zwei Pro mille
tt29505354,1967,24,Zwei Pro mille
tt47516576,1967,24,Zwei Pro mille
tt84963897,1967,25,A Cottage for Two
tt90673774,1967,25,A Cottage for Two
tt70048518,1967,25,A Cottage for Two
tt50323965,1967,25,A Horse on You Mr Bedloe
tt15401413,1967,25,A Horse on You Mr Bedloe
tt74166431,1967,25,A House Divided
tt77045093,1967,25,A House Divided
tt11448184,1967,25,A House Divided
tt16868617,1967,25,A Man Called Smart Part 1
tt57811065,1967,25,A Man Called Smart Part 1
tt14420847,1967,25,A Man Called Smart Part 1
tt45979020,1967,25,A Man Called Smart Part 1
tt98661120,1967,25,A Man Called Smart Part 2
tt76906102,1967,25,A Man Called Smart Part 2
tt74015445,1967,25,A Man Called Smart Part 2
tt56192541,1967,25,A Man Called Smart Part 2
tt49539143,1967,25,A Man Called Smart Part 3
tt60775972,1967,25,A Man Called Smart Part 3
tt82034266,1967,25,A Man Called Smart Part 3
tt22361287,1967,25,A Man Called Smart Part 3
tt44593976,1967,25,A Piece of the Action
tt24696982,1967,25,A Piece of the Action
tt40154814,1967,25,A Piece of the Action
tt73562711,1967,25,A Piece of the Action
tt18664438,1967,25,A Piece of the Action
tt79542416,1967,25,A Riddling Controversy
tt68222771,1967,25,A Riddling Controversy
tt70249074,1967,25,A Riddling Controversy
tt90208247,1967,25,A Riddling Controversy
tt29056969,1967,25,A Riddling Controversy
tt20099106,1967,25,A Secretary Is Not a Toy
tt84002280,1967,25,A Secretary Is Not a Toy
tt45322964,1967,25,A Star Is Born
tt99065170,1967,25,A Star Is Born
tt35865215,1967,25,A Star Is Born
tt72621022,1967,25,A Wranglers Last Ride
tt80075267,1967,25,A Wranglers Last Ride
tt70047096,1967,25,All Sales Final
tt42927718,1967,25,All Sales Final
tt66282788,1967,25,All Sales Final
tt29732996,1967,25,All That Buzzes Aint Bees
tt97395063,1967,25,All That Buzzes Aint Bees
tt85249994,1967,25,Appointment in Sahara
tt62289363,1967,25,Appointment in Sahara
tt35337721,1967,25,Appointment in Sahara
tt32909805,1967,25,Art for Sams Sake
tt83546511,1967,25,Art for Sams Sake
tt34722490,1967,25,Art for Sams Sake
tt98634535,1967,25,Art for Sams Sake
tt75485034,1967,25,Aunt Claras Victoria Victory
tt43424591,1967,25,Aunt Claras Victoria Victory
tt40551417,1967,25,Aunt Claras Victoria Victory
tt65285614,1967,25,Aunt Claras Victoria Victory
tt77367369,1967,25,Author Author
tt45195246,1967,25,Author Author
tt98793025,1967,25,Author Author
tt69794391,1967,25,Batman Displays His Knowledge
tt71675589,1967,25,Batman Displays His Knowledge
tt13273425,1967,25,Batman Displays His Knowledge
tt51075307,1967,25,Batman Displays His Knowledge
tt45822504,1967,25,Batman Displays His Knowledge
tt30421148,1967,25,Batmans Satisfaction
tt50160651,1967,25,Batmans Satisfaction
tt17444679,1967,25,Batmans Satisfaction
tt25308695,1967,25,Batmans Satisfaction
tt63900809,1967,25,Batmans Satisfaction
tt43011487,1967,25,Batmans Waterloo
tt48609872,1967,25,Batmans Waterloo
tt90732585,1967,25,Batmans Waterloo
tt58879480,1967,25,Batmans Waterloo
tt22626372,1967,25,Bewitched Bothered and Infuriated
tt44254903,1967,25,Bewitched Bothered and Infuriated
tt29081760,1967,25,Bewitched Bothered and Infuriated
tt57539161,1967,25,Bewitched Bothered and Infuriated
tt57101247,1967,25,Business Italian Style
tt77751099,1967,25,Business Italian Style
tt95886687,1967,25,Business Italian Style
tt75557328,1967,25,Catwoman Goes to College
tt16282201,1967,25,Catwoman Goes to College
tt88274298,1967,25,Catwoman Goes to College
tt92381873,1967,25,Catwoman Goes to College
tt95768074,1967,25,Catwoman Goes to College
tt79403545,1967,25,Catwomans Dressed to Kill
tt29550672,1967,25,Catwomans Dressed to Kill
tt62298336,1967,25,Catwomans Dressed to Kill
tt10104886,1967,25,Catwomans Dressed to Kill
tt97048350,1967,25,Catwomans Dressed to Kill
tt77649489,1967,25,Caught in the Spiders Den
tt69726231,1967,25,Caught in the Spiders Den
tt73891171,1967,25,Caught in the Spiders Den
tt56935903,1967,25,Caught in the Spiders Den
tt73626645,1967,25,Charlie Harper Winner
tt92579837,1967,25,Charlie Harper Winner
tt84315167,1967,25,Charlie Harper Winner
tt56596552,1967,25,Chicken Bill
tt60747523,1967,25,Chicken Bill
tt87313765,1967,25,Classification Dead
tt56594715,1967,25,Classification Dead
tt80420041,1967,25,Cutback at Control
tt49256926,1967,25,Cutback at Control
tt58853728,1967,25,Cutback at Control
tt12336910,1967,25,Cutback at Control
tt32615752,1967,25,Dont Call Us
tt50553177,1967,25,Dont Call Us
tt76069338,1967,25,Dont Call Us
tt16188831,1967,25,Dr Yes
tt80204366,1967,25,Dr Yes
tt31478784,1967,25,Dr Yes
tt85049722,1967,25,Dr Yes
tt25771117,1967,25,Dragon The Ninja Monster
tt44739298,1967,25,Enter Batgirl Exit Penguin
tt20155065,1967,25,Enter Batgirl Exit Penguin
tt42797918,1967,25,Enter Batgirl Exit Penguin
tt37969323,1967,25,Enter Batgirl Exit Penguin
tt98942318,1967,25,Everybodys a Movie Star
tt17110545,1967,25,Everybodys a Movie Star
tt17733087,1967,25,Fly Me to the Moon
tt66238540,1967,25,Fly Me to the Moon
tt31891916,1967,25,Fly Me to the Moon
tt41011315,1967,25,Georges Room
tt91326408,1967,25,Georges Room
tt72429003,1967,25,Getting Even with Haney
tt96368042,1967,25,Getting Even with Haney
tt79713294,1967,25,Getting Even with Haney
tt28300906,1967,25,Girls Girls Girls
tt35947490,1967,25,Girls Girls Girls
tt32115764,1967,25,Girls Girls Girls
tt97520745,1967,25,Go Away Fat
tt27102892,1967,25,Go Away Fat
tt82877548,1967,25,Go Away Fat
tt27900515,1967,25,Hawaii Calling
tt42211710,1967,25,Hawaii Calling
tt93857713,1967,25,Hawaii Calling
tt75828245,1967,25,Here Comes Bootsie Nightingale
tt86593305,1967,25,Here Comes Bootsie Nightingale
tt44752258,1967,25,Here Comes Bootsie Nightingale
tt94353574,1967,25,Here Comes Bootsie Nightingale
tt80356042,1967,25,Hey Look Me Over
tt73799474,1967,25,Hey Look Me Over
tt61072238,1967,25,Hey Look Me Over
tt80365448,1967,25,His Highness the Dog
tt36844060,1967,25,His Highness the Dog
tt50328839,1967,25,His Highness the Dog
tt37382377,1967,25,How to Fail in Business with All Kinds of Help
tt25406212,1967,25,How to Fail in Business with All Kinds of Help
tt32847099,1967,25,How to Fail in Business with All Kinds of Help
tt98635530,1967,25,How to Succeed in the Spy Business Without Really Trying
tt85049581,1967,25,How to Succeed in the Spy Business Without Really Trying
tt10972221,1967,25,How to Succeed in the Spy Business Without Really Trying
tt66165227,1967,25,How to Succeed in the Spy Business Without Really Trying
tt89252757,1967,25,I Cant Hear You When the Thunder Is Clapping
tt97818499,1967,25,I Cant Hear You When the Thunder Is Clapping
tt34924560,1967,25,I Cant Hear You When the Thunder Is Clapping
tt86787350,1967,25,I Remember You Sometimes
tt98913315,1967,25,I Remember You Sometimes
tt16627457,1967,25,I Remember You Sometimes
tt26910588,1967,25,I Remember You Sometimes
tt24607210,1967,25,Is This My Daughter
tt61860547,1967,25,Is This My Daughter
tt15873801,1967,25,Is This My Daughter
tt36653914,1967,25,It Takes One to Know One
tt67243467,1967,25,It Takes One to Know One
tt10640515,1967,25,Its Not Easy to Be a Mother
tt15069114,1967,25,Its Not Easy to Be a Mother
tt91712539,1967,25,Its Not Easy to Be a Mother
tt74264880,1967,25,Its Wishcraft
tt22962492,1967,25,Its Wishcraft
tt69653691,1967,25,Its Wishcraft
tt24803093,1967,25,Its Wishcraft
tt35825822,1967,25,Jeannie Goes to Honolulu
tt16677733,1967,25,Jeannie Goes to Honolulu
tt81112545,1967,25,Jeannie and the Great Bank Robbery
tt87201744,1967,25,Jeannie and the Great Bank Robbery
tt84239282,1967,25,Jeannie and the Great Bank Robbery
tt55109799,1967,25,Jeannie and the Great Bank Robbery
tt79097215,1967,25,Jeannie and the Great Bank Robbery
tt24382359,1967,25,Jeannie or the Tiger
tt66268159,1967,25,Jeannie or the Tiger
tt21785234,1967,25,Jeannie or the Tiger
tt26417441,1967,25,Jeannie or the Tiger
tt71865953,1967,25,Jeannie the Hip Hippie
tt23114129,1967,25,Jeannie the Hip Hippie
tt30578313,1967,25,Jeannie the Hip Hippie
tt45150315,1967,25,Kates Big Deal
tt60659954,1967,25,Kates Big Deal
tt81760570,1967,25,Kates Big Deal
tt58530303,1967,25,Kates Birthday
tt83523066,1967,25,Kates Birthday
tt32205228,1967,25,Kates Birthday
tt77740531,1967,25,Kates Cousin Mae
tt74100578,1967,25,Kates Cousin Mae
